Address,SQFT,Price,Parish,Region,BR,BTH
"LOT 206, 12 DEWDNEY ROAD",4363,1350000,Kingston,14,3,1
454 WATERHOUSE PEN,631,2300000,St. Andrew,11,2,2
ANDERSON ROAD,1500,3000000,Kingston,4,2,1
BURGHER AVENUE,1350,2500000,Kingston,2,3,1
2 JACQUES CRESCENT,5080,3000000,Kingston,4,12,4
TOWER AVENUE,858,2500000,St. Andrew,11,2,1
41 RUSHWORTH PATH,690,3000000,St. Andrew,11,1,1
1285 SEAVIEW GARDENS PH....,2500,2500000,St. Andrew,11,3,1
MYRRH VILLA ROAD,800,3200000,Kingston,14,1,3
"21 MCDONALD LANE,",5943,3300000,St. Andrew,13,3,1
OLEANDER CRESCENT,2340,3500000,St. Andrew,11,4,3
27 CHISHOLM AVENUE,800,4000000,St. Andrew,13,2,1
1B UPPER IVY ROAD,2200,4000000,St. Andrew,5,5,2
3 GRANTS PEN AVE,583,3500000,St. Andrew,8,2,1
28 ARNOLD ROAD,,5000000,Kingston,1,2,2
TOTLEY AVE,3000,4500000,St. Andrew,10,6,3
TOWER HILL AVENUE,800,4500000,Kingston,14,2,1
40 DAFFODIL AVENUE,432,5000000,St. Andrew,13,3,1
"114A RUMLANE, DOWNTOWN",3497,4650000,Kingston,1,14,3
14 BROOKS PATH,1001,5000000,St. Andrew,3,3,1
8 MOORE TOWN WAY,2000,5500000,Kingston,4,6,2
888B ST. MARGARETS CLOSE,1390,5500000,Kingston,2,1,1
KEW ROAD,1500,5600000,St. Andrew,10,5,3
GREENWICH ROAD,1000,3000000,St. Andrew,5,4,2
12 SMITH STREET,769,5900000,Kingston,4,2,2
MARLBOROUGH RD.,2500,4000000,Kingston,4,6,2
UPPER IVY ROAD,9660,5500000,St. Andrew,5,3,1
25 DAHLIA AVENUE,2500,6000000,St. Andrew,11,2,1
21 CRESCENT,2094,5700000,Kingston,4,6,3
71 BEAUMONT ROAD,1278,5000000,St. Andrew,7,5,2
49 CHISHOLM AVENUE,1500,6000000,St. Andrew,13,4,1
ROLLINGTON TOWN,1454,6000000,Kingston,2,4,2
WEISE ROAD,3000,5500000,St. Andrew,17,5,2
2 BERTRAM LANE,5000,6000000,St. Andrew,13,2,1
23 TENNYSON CRESCENT,,5500000,St. Andrew,20,3,1
25 DUHANEY DRIVE,,6100000,St. Andrew,20,3,2
DELACREE PARK,1058,5500000,St. Andrew,11,3,2
53 SWIFT AVENUE,1100,7500000,St. Andrew,20,3,2
23 CARPENTER ROAD,1388,6500000,St. Andrew,10,4,2
32 NAUTILUS AVE,1600,8055000,St. Andrew,17,3,2
43 CAMPDEN CRES KGN 20,1500,5800000,Kingston,1,3,2
"3 VIEWS AVE,HEATHROW MEW...",2589,5800000,St. Andrew,10,1,1
16 LYNDHURST CRESCENT,1000,5500000,St. Andrew,5,3,1
26 JOHNS LANE,1720,6500000,Kingston,1,9,1
"WATERLOO ROAD, DUNOON PA...",2500,8000000,Kingston,2,4,2
9 DILLON AVENUE,1897,6500000,St. Andrew,5,5,3
HILLSIDE CRESCENT,204,6000000,Kingston,2,5,3
11 ANTHONY ROAD,2000,6500000,St. Andrew,5,4,2
51 BUNYAN CRESCENT,1200,7500000,St. Andrew,20,5,2
52 RIVERSIDE DRIVE,1637,7500000,St. Andrew,17,4,2
10 BARBICAN ROAD,3260,7000000,St. Andrew,6,2,1
BROMLEY AVENUE,1789,7100000,St. Andrew,20,3,2
61 CORAL WAY,1800,4800000,St. Andrew,17,3,2
JOHNSON TERRACE,3169,6800000,Kingston,2,12,7
42 CARIBBEAN TERRACE,2500,7500000,St. Andrew,17,4,2
29 UPPER MALL ROAD,1157,7500000,St. Andrew,10,4,3
8 WINT ROAD,4103,6500000,St. Andrew,11,4,2
4 WIGTON AVENUE,9572,7500000,St. Andrew,13,7,2
COLUMBUS DRIVE,3500,6000000,St. Andrew,20,3,2
21 GROVE ROAD,2000,5000000,St. Andrew,10,4,2
PARKER PATH,1200,7700000,St. Andrew,20,3,1
"3 ANGLESEA AVENUE,",,7500000,St. Andrew,20,3,1
29 BRONTE WAY,1300,7500000,St. Andrew,20,3,1
WEST AVENUE,9599,7750000,Kingston,4,19,7
8 SALKEY AVENUE,1260,9000000,St. Andrew,20,4,2
WINDWARD WAY,1500,8500000,Kingston,2,3,2
14 EDGEWARE ROAD,,8000000,St. Andrew,20,5,3
GOOMA PATH,750,7000000,St. Andrew,3,3,1
27 DAHLIA AVENUE,4718,8500000,St. Andrew,11,5,2
88 ABBERVILLE AVENUE,1800,8600000,St. Andrew,20,3,2
33 CRESCENT ROAD,1351,7500000,St. Andrew,10,3,2
22 LUNAR AVENUE,1200,7000000,St. Andrew,17,3,2
GOLD ROAD,1200,7500000,St. Andrew,20,3,2
"WALKER CRES, WALTHAM PAR...",7000,8000000,St. Andrew,11,8,6
MARS DRIVE,1000,8700000,St. Andrew,17,3,1
MT OGLE,1190,8100000,St. Andrew,21,3,2
WALKERS CRESCENT,7000,7500000,St. Andrew,11,8,6
HERRIC AVENUE,1300,8000000,St. Andrew,20,3,2
41 LOCKHART AVENUE,2516,9500000,St. Andrew,20,5,2
HILDENE AVE NORMAN GDNS,3000,7500000,Kingston,2,9,7
7 LYNDHURST CLOSE,1400,8000000,St. Andrew,5,3,2
1A MARLIEMONT AVENUE,3604,8000000,St. Andrew,20,3,1
14 AQUALITA VALE AVENUE,1100,9200000,St. Andrew,20,3,2
6 GLENDALE DRIVE,1000,8500000,St. Andrew,20,2,1
WALKER AVENUE,2080,8000000,St. Andrew,5,4,4
18 GILTRESS STREET,2685,8500000,Kingston,2,5,2
6 DEMETER PLACE,1358,10100000,St. Andrew,19,3,2
18 VERBENA AVENUE,1500,9000000,St. Andrew,11,4,2
28 DAVIDSON AVENUE,1450,8200000,St. Andrew,20,2,1
21 STREET,2000,8700000,Kingston,4,3,1
126 MOUNTAIN VIEW AVENUE,2244,9000000,St. Andrew,3,9,4
18 WEYMOUTH DRIVE,,8500000,St. Andrew,20,3,1
WICKIE WACKIE ROAD,1312,9000000,St. Andrew,17,3,2
20 JACKIE PATH,950,9100000,St. Andrew,20,3,1
SPRINGVALE AVENUE,1184,9200000,St. Andrew,10,3,2
49 JUPITER ROAD,908,9500000,St. Andrew,17,2,1
BROOKS LEVEL ROAD,2226,8700000,St. Andrew,9,4,2
1 WALCOTT AVENUE,1600,9000000,St. Andrew,20,4,2
DUHANEY PARK,1800,9000000,St. Andrew,20,4,2
CENTRAL AVE VINEYARD TOW...,4290,9000000,St. Andrew,3,17,8
HENDERSON AVENUE,2250,8500000,St. Andrew,11,5,4
4 SCARLETT ROAD,1200,10000000,St. Andrew,11,4,2
MT OGLE MAIN ROAD,1328,9700000,St. Andrew,21,2,3
55 AQUALITAVALE AVENUE,1745,9400000,St. Andrew,20,5,2
"MISS LOU CLOSE, KINGSTON",1200,9500000,St. Andrew,20,5,2
BLUE MOUNTAIN CLOSE,8984,11000000,St. Andrew,21,4,3
WALTHAM PARK ROAD,1300,7500000,St. Andrew,11,4,3
7 ARTEMIS PLACE,1500,10000000,St. Andrew,19,4,2
123 BARBICAN ROAD - LOT ...,2000,9000000,St. Andrew,6,4,2
ZENNIA AVENUE,1800,9000000,St. Andrew,11,3,2
CENTRAL PATH,878,10000000,St. Andrew,19,2,1
ZENITH AVENUE,3197,10000000,St. Andrew,17,5,3
GOULBOURNE DISTRICT,750,7500000,St. Andrew,21,2,1
2J WATER STREET,5000,10000000,Kingston,14,7,5
GAYNSTEAD AVENUE,2624,9000000,St. Andrew,20,5,4
MYERS DRIVE,4562,10200000,St. Andrew,8,3,2
1 IDAHO DRIVE,1280,9500000,St. Andrew,19,2,2
CLARK HILL DISTRICT,56791,8500000,St. Andrew,9,3,1
PENNANT TERRACE,4200,9900000,St. Andrew,19,4,3
65 NEPTUNE AVENUE,1000,9400000,St. Andrew,17,3,2
56 CAENWOOD CRESCENT,2245,10000000,St. Andrew,20,5,3
BALDWIN CRESCENT,2200,9100000,St. Andrew,20,4,2
MARS DRIVE,2500,8700000,St. Andrew,17,5,3
PEMBROKE HALL,2000,9000000,St. Andrew,20,3,2
14 DONCASTER DRIVE,1907,9000000,Kingston,2,3,2
18 CAIRNCURRAN AVENUE,1300,9800000,St. Andrew,20,3,2
SWIFT AVENUE,1800,10700000,St. Andrew,20,4,3
RIDGEWAY ROAD,1468,10250000,St. Andrew,19,3,2
ORCHARD AVENUE,1235,10500000,St. Andrew,20,3,1
SIRGANY DRIVE,5660,11000000,Kingston,2,7,3
89 DUHANEY DRIVE,1367,10500000,St. Andrew,20,3,2
10A CASSIA PARK ROAD,,10700000,St. Andrew,10,5,3
AQUALITA VALE AVENUE,1200,12000000,St. Andrew,20,3,2
WIRELESS STATION ROAD,5700,10200000,St. Andrew,9,3,2
12 PEMBROOK HALL CLOSE,1977,10800000,St. Andrew,20,6,3
FAIRDENE AVENUE,1200,11000000,St. Andrew,19,2,2
MAVIS AVENUE,4544,9500000,Kingston,2,3,2
23 AQUALITA VALE AVENUE,1500,11000000,St. Andrew,20,4,2
KEN HILL DRIVE,3499,11200000,St. Andrew,20,3,2
56 CORAL WAY,1900,10000000,St. Andrew,17,4,3
375 DUHANEY PARK,1800,11000000,St. Andrew,20,4,3
"DUHANEY PARK, 2...",1200,11000000,St. Andrew,20,4,2
11 ARNOLD RD,3800,8000000,Kingston,4,10,3
24 HERRICK AVE DUHANEY P...,2401,10800000,St. Andrew,20,4,3
THIRD AVENUE,1868,11000000,St. Andrew,3,4,2
WRIGHTS CRESCENT,1700,11500000,St. Andrew,20,3,2
39 STARS WAY,1500,10600000,St. Andrew,19,3,1
BRONZE WING PLACE,1200,11300000,St. Andrew,20,3,1
DEANERY ROAD,2215,11000000,St. Andrew,3,4,2
MORANT AVENUE,2000,10500000,St. Andrew,20,5,3
6 SHORTON DRIVE,1700,11000000,St. Andrew,20,3,2
32 CHIPPENHAM AVENUE,1483,11300000,St. Andrew,20,4,2
20 CLARKE AVENUE,2775,115000000,St. Andrew,20,5,2
1 SOUTHERN CROSS,2000,11500000,St. Andrew,17,4,2
8 LYNDALE CRESCENT,1900,14000000,St. Andrew,20,3,1
4 EDGEWARE ROAD,1800,12000000,St. Andrew,20,4,3
Lot #47 SEASHORE DRIVE,4500,11000000,St. Andrew,17,5,3
25 CASSIA PARK ROAD,2300,11800000,St. Andrew,10,5,3
SHEILA PLACE,3530,10800000,St. Andrew,20,3,2
42 KENHILL DRIVE,1430,10700000,St. Andrew,19,4,3
34 MAYNARD AVENUE,2268,11400000,St. Andrew,20,5,3
MANNINGS HILL ROAD,1930,12000000,St. Andrew,8,2,2
22 LASQUINET AVENUE,1300,12000000,St. Andrew,20,3,3
SILVER ROAD,1200,11000000,St. Andrew,20,3,2
THREE OAKS-CHAMPLAIN AVE,4566,12200000,St. Andrew,20,5,3
MARATHON DRIVE,2500,8300000,St. Andrew,20,4,2
AIRY CASTLE ROAD,2242,10500000,St. Andrew,9,3,3
KILLARNEY AVENUE,10890,9000000,St. Andrew,20,3,3
15 CASSIA PARK AVE,1751,9000000,St. Andrew,10,3,2
11 PRESTON AVENUE,9758,7800000,St. Andrew,3,6,3
77 HARWOOD DRIVE,2600,9000000,St. Andrew,20,4,3
JUPITER RD,1100,10000000,St. Andrew,17,3,2
7 LINDO AVE 7,1800,1200000,St. Andrew,7,4,2
LOT 205 PEGASUS PLACE,1663,12000000,St. Andrew,19,3,2
SHERNESS CRESENT,1200,10000000,St. Andrew,20,4,2
ROCKY ROAD,750,13500000,St. Andrew,19,2,1
MOUNT RECOVERY,2230,12000000,St. Andrew,21,5,3
"POTOSI AVE,PREMBROKE HAL...",1258,13000000,St. Andrew,20,4,2
161 KEN HILL DRIVE,2100,7500000,St. Andrew,20,5,2
SWIFT AVENUE,2000,11500000,St. Andrew,20,5,3
ABERNETHY DRIVE,2624,13500000,St. Andrew,20,4,2
BROOKS LEVEL ROAD,6316,12400000,St. Andrew,9,3,2
SWANSEA AVENUE,1800,12500000,St. Andrew,8,4,2
LINDALE AVENUE,3000,11700000,St. Andrew,20,4,4
66 WEYMOUTH DRIVE,1600,12000000,St. Andrew,20,3,2
52 RENFIELD DRIVE,1712,11900000,St. Andrew,20,3,2
INNSWOOD DRIVE,850,12000000,St. Andrew,9,2,1
CAIRNCURRAN AVENUE,3500,11500000,St. Andrew,20,6,3
MERRIVALE TERRACE,1605,12000000,St. Andrew,8,4,2
60 ORION AVENUE,1350,12500000,St. Andrew,17,3,2
41 WARMINISTER AVENUE,1700,12200000,St. Andrew,19,4,2
WALCOTT CRESCENT,1200,12500000,St. Andrew,20,4,2
24 MIDLAND DRIVE,1900,12500000,St. Andrew,20,4,2
2 LONGFELLOW WAY,1500,12500000,St. Andrew,20,5,2
42 WICKIE WACKIE DRIVE,1728,10500000,St. Andrew,17,5,3
4 POWELL CLOSE,3000,10500000,St. Andrew,20,2,1
BAY VIEW TERRACE,2500,12000000,St. Andrew,17,6,4
21 MIDLAND DRIVE,1800,12700000,St. Andrew,19,4,3
3 1/2 KING EDWARD AVENUE,6590,13000000,St. Andrew,3,4,2
CAENWOOD CRESCENT,3000,12100000,St. Andrew,20,4,3
QUEENSBURY DRIVE,1800,9000000,St. Andrew,19,3,2
GOLD ROAD,2600,11800000,St. Andrew,20,3,2
37 GOLDING CIRCLE,1838,12000000,St. Andrew,7,4,4
18 LINDALE AVENUE,2138,13000000,St. Andrew,20,5,2
"KING EDWARD, VINEYARD TW...",2000,12500000,St. Andrew,3,5,2
BROOKS LEVEL ROAD,2800,10500000,St. Andrew,9,7,4
8 PARAISO AVENUE,2000,11500000,St. Andrew,10,5,3
35 VENUS AVENUE,1500,11250000,St. Andrew,17,3,2
125 HARBOUR DRIVE,4344,11000000,St. Andrew,17,5,3
NORCROSS AVENUE,1000,13100000,St. Andrew,19,3,2
"MARS DRIVE, HARBOUR VIEW",1400,11700000,St. Andrew,17,4,3
66C DEANERY ROAD,2400,12500000,St. Andrew,3,4,2
38 ROEHAMPTON DRIVE,2340,13000000,St. Andrew,19,5,3
37 GILMOUR DRIVE,1200,12800000,St. Andrew,20,4,2
COOPERS HILL RISE,1700,11000000,St. Andrew,12,3,4
22 ANNANDALE AVENUE,1600,15300000,St. Andrew,20,3,2
16 FRIENDSHIP PARK AVENUE...,2500,13700000,St. Andrew,3,5,2
16 ROBINSON ROAD,1360,13100000,St. Andrew,10,3,2
21 MORETON PARK TERRACE,3734,13250000,St. Andrew,10,7,4
25 EMERALD DRIVE,950,13800000,St. Andrew,19,3,2
SEAVIEW ROAD,2000,13500000,St. Andrew,9,3,2
SUNRISE DRIVE,1500,13500000,St. Andrew,19,3,2
23 GREENDALE DRIVE,1300,11000000,St. Andrew,19,4,2
FORT NUGENT DRIVE,2000,12800000,St. Andrew,17,4,3
SHARRON AVE,,12500000,St. Andrew,20,4,3
5 GLEN AVENUE,6171,12500000,St. Andrew,8,7,3
EASTWOOD PARK GARDENS,1380,12800000,St. Andrew,10,3,2
11 GOODWOOD TERRACE,3198,14200000,St. Andrew,10,4,4
RIVERSIDE DR HARBOUR VIE...,2200,13500000,St. Andrew,17,4,2
"6 CANE RIVER PEN, 8 MILES",12779,15000000,St. Andrew,17,5,5
1 FREDGAR CLOSE,1500,10000000,St. Andrew,17,2,2
WHITEHALL TERRACE,1138,13500000,St. Andrew,8,4,2
"HARBOUR DR, HARBOUR VIEW",1300,10900000,St. Andrew,17,3,2
MARS DR. HARBOUR VIEW K1...,1600,12000000,St. Andrew,17,3,2
176 BELVEDERE ROAD,,14100000,St. Andrew,19,5,5
20 GILMOUR DRIVE,1200,12000000,St. Andrew,10,4,2
HAYLETTE AVENUE,2300,14000000,St. Andrew,19,4,3
181 BELVEDERE ROAD,3500,12000000,St. Andrew,19,5,4
39 MARTELLO DRIVE,3600,11000000,St. Andrew,17,5,3
10 MAYFIELD MEWS,1700,12600000,St. Andrew,20,3,3
"16 ROSEND AVENUE, W/GDNS",1700,13000000,St. Andrew,20,5,2
55 STARS WAY,1384,13000000,St. Andrew,20,3,2
6A SHELTEL CLOSE,1011,12500000,St. Andrew,9,2,2
CALCRAFT AVENUE,3310,14000000,St. Andrew,8,2,1
9 DUHANEY TERRACE,8000,11500000,St. Andrew,20,3,2
"GOLDEN ACRES, 21",550,14000000,St. Andrew,21,1,1
78 PLATEAU RISE,4200,13000000,St. Andrew,21,5,6
4 EMBERS WAY,2000,13750000,St. Andrew,19,3,3
HUGH MILLER AVENUE,2172,14000000,St. Andrew,20,3,2
WINSOME AVENUE,1500,14000000,St. Andrew,19,4,3
60 WEYMOUTH DRIVE,2500,11400000,St. Andrew,20,5,2
13B COPABAN DRIVE,2090,13800000,St. Andrew,17,3,2
28 RUDOLPH BURKE AVENUE,2387,14000000,St. Andrew,20,5,3
10 CAWLEY ROAD,3500,14100000,Kingston,2,4,2
HARBOUR VIEW,2000,13700000,St. Andrew,17,3,3
MANNINGS HILL RD.,800,13600000,St. Andrew,9,3,2
MARYLAND,1500,15000000,St. Andrew,21,3,2
LOWER TUNBRIGE DRIVE,3598,14600000,St. Andrew,19,3,2
RENFIELD DRIVE,1800,14000000,St. Andrew,20,6,3
1 KINGSLYN AVENUE,1800,13500000,St. Andrew,10,4,2
4 RUDOLPH BURKE AVENUE,2500,14500000,St. Andrew,20,4,3
CHARLTON AVENUE,2500,13200000,St. Andrew,8,4,2
58 7/8 DEANERY ROAD,5109,1380000,St. Andrew,3,3,2
MAPLE LEAF AVENUE,2000,14500000,St. Andrew,10,4,3
24 QUEENSBURY DRIVE,3262,15000000,St. Andrew,19,3,2
15 TORONTO AVENUE,,9000000,St. Andrew,10,4,3
62 LADY HAMILTON DRIVE,3000,13000000,St. Andrew,19,5,3
26 CHAMPLAIN AVENUE,2017,11500000,St. Andrew,19,4,3
3 NEPHRITE PLACE,1500,14000000,St. Andrew,19,3,3
SUNDOWN CRESCENT,1800,11300000,St. Andrew,10,5,2
HUGHENDEN AVENUE,2000,14500000,St. Andrew,20,5,4
BOMBAY AVENUE,1496,13000000,St. Andrew,19,3,3
32 HUGHENDEN AVE,10701,14000000,St. Andrew,20,6,4
43 ST ANDREW PARK,1450,14000000,St. Andrew,10,3,2
WESTLAKE AVENUE,2000,16100000,St. Andrew,10,5,3
12 MANSFIELD AVENUE,61075,13700000,St. Andrew,20,4,2
"35 WHITNEY DRIVE, KGN 20",1800,13500000,St. Andrew,20,4,2
16 ORCHARD AVE. HUGHENDE...,1600,13000000,St. Andrew,10,3,2
33 MANSFIELD AVENUE,5850,1500000,St. Andrew,20,3,3
ROBINSON ROAD HUGHENDEN,1585,16000000,St. Andrew,20,4,3
8 MOLYNES PLACE,950,17000000,St. Andrew,19,3,2
WALTHAM PARK,6709,14500000,St. Andrew,11,8,3
BAY VIEW CRESCENT,2500,16300000,St. Andrew,17,4,3
79 DORADO DRIVE,1200,14500000,St. Andrew,17,3,2
32 COLEYVILLE CRESCENT,2000,17500000,St. Andrew,20,4,3
"19 NEPTUNE AVENUE, HARBOU...",1503,13500000,St. Andrew,17,3,2
7 LYNG RD,3600,14000000,St. Andrew,9,4,4
31 KILLARNEY AVENUE,2800,13500000,St. Andrew,20,4,3
1 STERLING CASTLE,32670,14500000,St. Andrew,19,6,5
GROVEDALE DRIVE,1267,14800000,St. Andrew,10,4,2
FRIENDSHIP PARK ROAD #1...,2236,14000000,St. Andrew,3,6,4
6 GRASSO CLOSE,1688,14000000,St. Andrew,19,3,2
WATERHOUSE DRIVE,2295,13000000,St. Andrew,20,6,3
4 MOLYNES MEWS,2318,14000000,St. Andrew,10,5,3
LAWRENCE DRIVE,5590,15500000,St. Andrew,8,5,4
20 WALKERS CRESCENT,3900,15250000,St. Andrew,11,7,5
PALM CLOSE,2256,12000000,St. Andrew,17,4,2
ABBERVILLE AVENUE,7910,15000000,St. Andrew,20,5,3
"1 SETTLEMENT ROAD, STONY",1747,15000000,St. Andrew,9,5,3
17 CASCADE WAY,1500,15000000,St. Andrew,19,3,3
23 ABERNETHY DRIVE,1500,15500000,St. Andrew,20,3,3
22 ALDENE DR,1800,16000000,St. Andrew,20,3,2
7B HILLSTONE HEIGHTS,1694,13500000,St. Andrew,9,3,2
60 HILLVIEW TERRACE,2200,13500000,St. Andrew,19,5,3
4 BRYNMAWR ROAD,2600,15500000,St. Andrew,8,5,3
"28 EAST OAKRIDGE, KINGSTO...",2306,15000000,St. Andrew,8,3,3
"FAIRLANE DR, CASSIA PARK",2000,15000000,St. Andrew,19,4,3
63 MOLYNES ROAD,4000,14000000,St. Andrew,10,6,3
LORRIANE AVENUE,3000,15000000,St. Andrew,10,5,3
CHAMPLAIN AVE.,2000,15000000,St. Andrew,20,4,3
DAYTONA DRIVE,1500,14250000,St. Andrew,20,5,2
13 MAYNARD AVENUE,1200,13500000,St. Andrew,20,3,2
COWPER DRIVE,2200,14900000,St. Andrew,20,5,4
SHERITON PARK CRESCENT,850,14200000,St. Andrew,10,3,2
6A WOOLWICH ROAD,4777,12500000,St. Andrew,3,4,3
SUNSET DRIVE,1600,15000000,St. Andrew,10,4,3
ASHBURY AVENUE,11700,15600000,St. Andrew,3,6,5
6 SHALIMAR AVENUE,3400,12500000,St. Andrew,3,6,5
SATURN AVENUE,3200,15500000,St. Andrew,17,4,3
1 HERA PLACE,2300,16000000,St. Andrew,19,3,2
4 EMBERS WAY,2300,13750000,St. Andrew,20,3,3
RIDGEWAY ROAD,3150,15800000,St. Andrew,19,3,2
COLEYVILLE AVENUE,2118,17000000,St. Andrew,20,4,3
GARFIELD AVENUE,5857,14000000,St. Andrew,20,4,2
9 MERLGROVE AVENUE,2000,13000000,St. Andrew,20,4,3
NORCROSS AVENUE,1516,16000000,St. Andrew,19,3,2
MACKVILLE TERRACE,2064,17000000,St. Andrew,19,4,2
AQUALITAVALE AVENUE,1800,15100000,St. Andrew,20,4,3
MOTTLEY AVENUE,1500,16000000,St. Andrew,20,3,2
3 KINGS AVENUE,6515,15000000,St. Andrew,10,3,2
"1 DAYTON AVE, MOLYNES",2500,18300000,St. Andrew,10,4,3
30 QUEENSBOROUGH DRV,5660,15500000,St. Andrew,19,3,3
EMBERS WAY,1500,15800000,St. Andrew,19,3,2
HUGH MILLER AVENUE,9732,15600000,St. Andrew,20,3,3
"HUGHENDEN, VILMA",2200,15200000,St. Andrew,20,4,2
COLLISTON DRIVE,7000,15900000,St. Andrew,10,5,3
2 MAYFIELD MEWS,2000,16500000,St. Andrew,20,4,4
60 PATRICK DRIVE,2300,16500000,St. Andrew,20,8,4
132 WEYMOUTH DRIVE,2758,14000000,St. Andrew,20,6,3
FESTIVAL ROAD,4260,16500000,St. Andrew,8,3,2
21 CARIBBEAN TERRACE,5351,14000000,St. Andrew,17,6,6
15 HARBOUR DRIVE,2800,16000000,St. Andrew,17,8,5
WELLSIDE DRIVE,5158,13000000,St. Andrew,11,5,4
MARINE TERRACE,2387,17000000,St. Andrew,17,5,3
CREIGHTON RD.,1000,13746128,St. Andrew,21,3,1
BRETTFORD AVENUE,2036,16650000,St. Andrew,10,3,2
MEADOWBROOK AVENUE,2600,16800000,St. Andrew,19,6,3
SUNRISE CRESCENT,2500,15000000,St. Andrew,19,4,4
43 RIVERSIDE DRIVE,4066,17000000,St. Andrew,19,4,4
DEANNA PLACE,1870,15000000,St. Andrew,19,4,2
ROEHAMPTON CLOSE,7555,15500000,St. Andrew,8,3,3
BOWERBANK AVENUE,,17000000,St. Andrew,20,5,3
18 CASSIADENE AVE,4759,12000000,St. Andrew,10,6,3
60 BRENTWOOD TERRACE,,16250000,St. Andrew,21,,
"5 RETREAT DRIVE, 8 MILES",6184,15500000,St. Andrew,17,6,5
PARKIN CLOSE,2376,19000000,St. Andrew,8,4,2
6 RIGHTON CRESCENT,4453,15400000,St. Andrew,20,5,2
6 FAIRLANE DRIVE,2704,17500000,St. Andrew,10,5,3
7 CHARLTON AVENUE,1500,17000000,St. Andrew,8,7,4
PORTVIEW AVENUE,1500,17000000,St. Andrew,20,3,2
BROWNING AVENUE,1737,17400000,St. Andrew,20,4,2
"8 AMETHYST CLOSE,",3300,15700000,St. Andrew,21,5,4
ALPINE ROAD,10346,16000000,St. Andrew,21,3,3
3 FOREST VIEW CLOSE,3264,16500000,St. Andrew,19,3,3
17 MEADOWLAND DRIVE,2000,13500000,St. Andrew,19,4,3
32 ALPHONSO AVE.,1800,17000000,St. Andrew,10,4,2
QUEENSBURY,1700,17000000,St. Andrew,19,3,3
RENFIELD DRIVE,2000,16000000,St. Andrew,20,5,3
ROSEWELL TERRACE,5582,16000000,St. Andrew,8,3,2
15 SHAKER WAY,1800,17300000,St. Andrew,19,3,2
TEWFIX DRIVE,8358,16000000,St. Andrew,10,4,3
50 FAVORITA AVENUE,,15500000,St. Andrew,19,4,3
15 RENFIELD DRIVE,2380,15600000,St. Andrew,20,6,3
CORONA CRESCENT,1824,15500000,St. Andrew,20,4,3
"STARS WAY, HUGHENDEN",1691,16500000,St. Andrew,19,4,2
WILLIAM PLACE,1500,17500000,St. Andrew,19,4,2
2 ATHENA DRIVE,1600,16500000,St. Andrew,20,3,2
SILVER ROAD,1200,17500000,St. Andrew,20,3,2
8 WICKHAM DRIVE,1200,16000000,St. Andrew,8,3,2
9 POINT VIEW CLOSE,4500,16300000,St. Andrew,9,4,4
FLEMINGTON DRIVE,2400,15750000,St. Andrew,19,3,3
6 SEATONHURST DRIVE,2100,16600000,St. Andrew,5,4,2
17 CAMROSE DRIVE,2550,16500000,St. Andrew,17,3,4
85 ARIES AVENUE,14800,15000000,St. Andrew,19,9,7
"PAMELA DRIVE,",14505,15680000,St. Andrew,19,5,3
11 ANDREA CLOSE,2000,17000000,St. Andrew,8,3,2
3A WATERLOO AVENUE,1200,15600000,St. Andrew,10,2,2
WOODHAVEN AVENUE,14000,17000000,St. Andrew,19,3,2
7 KINGS AVENUE,2800,16500000,St. Andrew,10,6,4
10 BLISSETT AVENUE,2700,15500000,St. Andrew,20,7,3
TUNBRIDGE DRIVE,2000,17500000,St. Andrew,19,4,2
BLISSETT AVENUE,3000,18000000,St. Andrew,20,5,6
10 HAYLET AVENUE,1750,16600000,St. Andrew,19,4,3
21 TERRACE,1875,15200000,St. Andrew,21,3,2
EAST KIRKLAND HGTS,1800,18000000,St. Andrew,19,3,3
MONTGOMERY AVENUE,1800,1800000,St. Andrew,10,3,2
STEEL ROAD,3000,17000000,St. Andrew,9,6,4
"LIPSCOMBE AVE, STONY HIL...",2908,16000000,St. Andrew,9,5,4
"28 MARATHON DRIVE, HUGHEN...",1800,18000000,St. Andrew,10,5,2
"27 ANTRIM ROAD, VINEYARD",4000,18000000,St. Andrew,3,4,3
ABBERVILLE AVENUE,2593,22000000,St. Andrew,20,5,3
WEYMOUTH CRESCENT,5500,17000000,St. Andrew,20,4,2
23 CHARLTON AVENUE,1300,18000000,St. Andrew,8,2,1
16 MEADOWBROOK MAIN,1905,19700000,St. Andrew,19,4,3
RIDGEWAY ROAD,3150,16500000,St. Andrew,19,3,3
MELNOCK CRESCENT,2700,16500000,St. Andrew,9,5,3
98 HARBOUR DRIVE,2500,19000000,St. Andrew,17,6,5
65 RIDGEWAY ROAD,1000,18500000,St. Andrew,19,3,2
19 PORTVIEW AVENUE,1400,18400000,St. Andrew,20,3,2
4 OLD GOLDEN SPRING ROAD,3600,18000000,St. Andrew,9,4,4
3 HARRAD CREST.PTRICK CI...,863,18500000,St. Andrew,20,10,6
HIGHLAND AVENUE,2501,18500000,St. Andrew,19,6,3
70 HUGHENDEN AVENUE,2825,17600000,St. Andrew,20,6,4
LORRAINE AVENUE,,16800000,St. Andrew,10,5,3
GORE TERRACE,2500,17500000,St. Andrew,10,5,3
20 HUGHENDEN AVENUE,10599,18500000,St. Andrew,20,7,4
MERRICK HIGHWAY,3300,20000000,St. Andrew,19,4,2
4 IVOR,450,19093250,St. Andrew,6,2,1
CHICO CLOSE,2100,17000000,St. Andrew,20,4,3
29 DAYTONA DRIVE,2850,16000000,St. Andrew,20,5,4
22 PEGASUS PLACE,,18900000,St. Andrew,19,5,4
13A COPABAN DRIVE,2090,18155892,St. Andrew,17,3,2
MOUNT ATLAS ROAD,3308,19000000,St. Andrew,21,4,3
WASHINGTON COURT,2700,19000000,St. Andrew,8,4,4
FAREWELL AVE,,17700000,St. Andrew,19,4,2
UPPER WATERLOO CLOSE,1184,18000000,St. Andrew,8,3,2
BELVEDERE ROAD,2000,14300000,St. Andrew,21,4,4
HILLARY AVENUE,2300,18500000,St. Andrew,19,4,3
"BROOK LEVEL, STONEY HILL",1900,16500000,St. Andrew,9,3,2
3 BRENTON DRIVE,1823,16000000,St. Andrew,8,3,2
"48 RELAY ROAD, HUGHENDEN",2500,19500000,St. Andrew,19,5,4
9 MERRIVALE CLOSE,2944,19000000,St. Andrew,8,3,2
BRENTON DRIVE,2229,17000000,St. Andrew,8,4,2
2 PARKLAND DRIVE,1675,19500000,St. Andrew,10,3,3
21 BENBOW CRESCENT,1782,19000000,St. Andrew,20,4,2
112 RIDGEWAY ROAD,1300,19000000,St. Andrew,19,3,2
CARAWINA AVENUE,2000,19000000,St. Andrew,20,4,3
9 ROEHAMPTON AVENUE,2883,17500000,St. Andrew,19,3,4
39 SUNRISE DRIVE,7500,18000000,St. Andrew,20,5,3
6 GOLDEN WAY,3000,19500000,St. Andrew,9,6,4
"MOONLIGHT DRIVE, QUEENSB...",3200,18000000,St. Andrew,19,4,4
29 RIPTON AVE MEADOWBROO...,2500,18000000,St. Andrew,19,5,4
27 WINSOME AVE,1952,18500000,St. Andrew,19,3,4
1 YORO CRES,1300,19650000,St. Andrew,20,4,2
COLBECK AVENUE,3277,18600011,St. Andrew,20,4,3
8 LINSTAR CLOSE,2700,20000000,St. Andrew,19,5,3
WOODLEY DRIVE,3000,18000000,St. Andrew,19,6,4
MOONLIGHT DRIVE,2500,19000000,St. Andrew,19,5,4
TUNBRIDGE,2111,20000000,St. Andrew,19,5,2
MANNINGS HILL ROAD,5000,18000000,St. Andrew,19,8,5
32 FLEMINGTON DRIVE,3000,14500000,Kingston,1,4,3
7 BEDFORD PARK AVENUE,2100,16000000,St. Andrew,10,3,2
HIALEAH DRIVE,8837,17500000,St. Andrew,19,4,2
RANDWICK DRIVE,2000,19000000,St. Andrew,19,4,2
LINDSAY CRESCENT,1817,18000000,St. Andrew,10,6,3
HAVENDALE DRIVE,3200,19500000,St. Andrew,19,4,3
FORT NUGENT DR HARBOUR V...,2000,18000000,St. Andrew,17,6,5
GARLAND AVENUE,2000,20000000,St. Andrew,19,4,3
"BELLEMAR PL, MEADOWBROOK",2200,18500000,St. Andrew,19,4,3
MEADOWBROOK AVE,3250,19000000,St. Andrew,19,4,2
10 BEDRORD PARK AVENUE,1500,20000000,St. Andrew,8,4,3
1 STEEL ROAD,2300,18000000,St. Andrew,21,3,3
2 SALT HILL ROAD,2000,18850000,St. Andrew,21,2,2
NORTH AVENUE,3000,18010000,St. Andrew,10,3,3
16 MARGARET VILLA ROAD,5496,16000000,St. Andrew,10,5,3
HOUSE 11 ROEHAMPTON CLOSE,2554,20000000,St. Andrew,8,6,3
18 LINSCOTT AVENUE,1600,19100000,St. Andrew,19,4,3
"40 WESTLAKE, RICHMOND PK...",1800,18500000,St. Andrew,10,3,1
6 ALDENE DR ZIADIE GARDEN...,1495,17000000,St. Andrew,20,4,3
9 AUBURN TERRACE,2251,16000000,St. Andrew,20,5,3
3 BEATRICE CRESCENT,2300,20500000,St. Andrew,20,5,2
5 HUNTSDENE AVENUE,3445,20000000,St. Andrew,10,4,3
"15 TRUMAN AVE, RICHMOND P...",2200,21200000,St. Andrew,10,5,4
21 BROOKSVILLE TERRACE,8675,16000000,St. Andrew,9,3,3
2 WHEELOCK CLOSE,1500,19000000,St. Andrew,19,4,3
SEAVIEW DRIVE(COPACABANA...,3000,19100000,St. Andrew,17,3,3
43 WEYMOUTH DRIVE,2000,21500000,St. Andrew,20,5,3
17 ORCHARD AVENUE,,19000000,St. Andrew,20,3,2
TWEFIX CRESCENT,1500,18803300,St. Andrew,19,4,2
BORDER AVENUE,2854,20000000,St. Andrew,19,3,3
114 HAVENDALE DRIVE,2130,18000000,St. Andrew,19,5,3
"LOT 102, LIGNUM VITAE DR",2500,20500000,St. Andrew,6,4,4
KINGSWOOD ROAD,2800,20500000,St. Andrew,8,3,2
26 CIRCLE CLOSE,2500,18250000,St. Andrew,21,3,2
HAVENDALE DRIVE,2689,20000000,St. Andrew,19,4,3
"31 EDINBURGH AVE,",6780,17500000,St. Andrew,10,3,2
DRUESDALE AVENUE,8306,19000000,St. Andrew,19,5,3
13 MERRICK HIGHWAY,2200,18500000,St. Andrew,19,4,3
21 EMERALD DRIVE,1800,19000000,St. Andrew,19,5,4
BARBICAN,1700,20000000,St. Andrew,8,3,4
"MARYLAND, JACKS HILL",4528,20500000,St. Andrew,6,5,5
FAIRDENE AVE,22000,19000000,St. Andrew,19,4,4
5 BEDFORD PARK AVENUE,3800,21500000,St. Andrew,10,4,2
48 EAST GREAT HOUSE CIRCL...,12830,19200000,St. Andrew,19,6,3
CRAIG AVENUE,1900,22000000,St. Andrew,8,3,3
86 WEYMOUTH DRIVE,7639,18750000,St. Andrew,20,7,3
RIPTON AVENUE,2500,19500000,St. Andrew,19,3,2
"TOWN ROAD, ROCK HALL DIS...",11200,20700000,St. Andrew,21,5,3
SUNRISE CRESCENT,1500,22000000,St. Andrew,19,4,3
SERPENS WAY,5604,21900000,St. Andrew,19,4,6
58 WOODLANDS CIRCLE,2400,19800000,St. Andrew,21,3,3
BELVEDERE CRESCENT,2000,20000000,St. Andrew,21,4,3
15 ROEHAMPTON DRIVE,27000,21000000,St. Andrew,19,3,3
"40- GORE TERRACE, KINGSTO...",1500,18000000,St. Andrew,10,4,3
ROCHESTER AVENUE,1800,21250000,St. Andrew,8,3,2
ANDREA CLOSE,1749,20000000,St. Andrew,8,4,3
18 RANDWICK DRIVE,4208,18500000,St. Andrew,19,10,9
GROVE DALE DRIVE,1900,18300000,St. Andrew,10,3,2
COOL SHADE DRIVE,13552,20000000,St. Andrew,19,4,2
21 PETUNIA WAY,1800,22000000,St. Andrew,6,3,1
WOODLAWN AVENUE,12906,20000000,St. Andrew,19,5,4
"32 32 GERBERA DRIVE, MONA",2950,22500000,St. Andrew,6,4,3
7 SUNRISE DRIVE,3290,21500000,St. Andrew,19,4,4
30 HAVENDALE DRIVE,3000,21000000,St. Andrew,19,4,3
2 WESTMINISTER CRESCENT,2500,25000000,St. Andrew,10,6,3
BURLINGTON AVENUE,2989,22000000,St. Andrew,10,5,3
ERIN AVE,4500,19000000,St. Andrew,19,5,4
"THE CASITAS,DEANERY CLOS...",2107,21000000,St. Andrew,3,3,4
8 LIGUANEA PLACE,1280,21000000,St. Andrew,6,3,2
"LILLY VALLEY, STONY HILL",21337,20000000,St. Andrew,9,4,4
11A SUNSET DRIVE,,19000000,St. Andrew,8,4,2
"31 RIVERSIDE DRIVE,HAVEND...",1771,20500000,St. Andrew,19,3,2
CLIFTON PLACE,2400,21000000,St. Andrew,8,5,4
11 CLEOPATRA AVENUE,4747,18000000,St. Andrew,19,4,5
VALENTINE GARDENS,2000,19700000,St. Andrew,19,5,4
15 WOODHAVEN AVENUE,2000,25000000,St. Andrew,19,5,3
LAKEHURST DRIVE,3000,22000000,St. Andrew,8,4,4
OLD CHURCH ROAD,2550,20000000,St. Andrew,8,4,3
5 ZIADIE AVENUE,9797,21700000,St. Andrew,20,7,6
ROEHAMPTON CIRCLE,1600,22000000,St. Andrew,19,3,2
LYNDALE AVENUE,2940,21000000,St. Andrew,20,6,4
9 HARWICK AVENUE,1225,23150000,St. Andrew,19,4,3
21 CARLISLE AVENUE,1500,23500000,St. Andrew,8,4,3
HERMITAGE DAM ROAD,3800,179608,St. Andrew,9,4,3
BIRDSUCKER DRIVE,3000,18750000,St. Andrew,8,5,5
SHERBOURNE DRIVE,3116,19000000,St. Andrew,9,4,4
4 MERRIVALE CLOSE,16000,20000000,St. Andrew,19,5,4
CARIBBEAN AVENUE,2200,23000000,St. Andrew,5,3,3
4 PEMBROKE CLOSE,3238,22000000,St. Andrew,19,4,3
LIGUANEA DRIVE,,20000000,St. Andrew,6,3,2
WEST KINGS HOUSE DR.,2000,22000000,St. Andrew,10,3,2
36 CARNATION WAY,1500,23000000,St. Andrew,6,3,2
16 IDAHOE DRIVE,2500,22800000,St. Andrew,19,4,3
5 STEPHENSON AVE. KGN. 8,2000,23000000,St. Andrew,8,4,2
FLEMINGTON DRIVE,4280,23000000,St. Andrew,19,4,3
STANLEY TERRACE,3090,23500000,St. Andrew,19,4,4
BROOK LEVEL ROAD,1400,24500000,St. Andrew,9,3,2
34 CANDLELIGHT CRESCENT,2300,22400000,St. Andrew,19,4,3
33 BLISSETT AVENUE,4453,23500000,St. Andrew,20,5,4
20 STERLING GLADES,15642,23700000,St. Andrew,21,5,4
9 CONSTANT SPRING GROVE,6686,21500000,St. Andrew,10,6,3
SILVIDORE THREE OAKS GRD,2500,23000000,St. Andrew,20,5,3
15 WICKHAM AVENUE,1965,23000000,St. Andrew,8,3,2
FRASER CRESCENT,3200,23000000,St. Andrew,21,4,4
CAMELIA WAY,3588,23000000,St. Andrew,6,6,5
5 BRIDGEMOUNT HEIGHTS,4000,20000000,St. Andrew,9,5,5
22 DAYTONA DR PATRK. CIT...,3300,22000000,St. Andrew,20,7,4
21 PARK AVENUE,2755,24500000,St. Andrew,19,4,3
ARALIA DRIVE,1800,26000000,St. Andrew,6,3,1
4 HIGHLAND CLOSE,2000,27550000,St. Andrew,19,4,3
21 SHERBOURNE CLOSE,14584,21000000,St. Andrew,19,7,7
14 KEESING AVE,2273,22000000,St. Andrew,10,4,4
LOT 1 21,4000,24100000,St. Andrew,19,4,4
TUNBRIDGE CLOSE,3528,24150000,St. Andrew,19,4,3
"3 CLAYMORE WAY, KGN 19",1800,20500000,St. Andrew,19,4,3
SUNRISE CRESCENT,2000,19000000,St. Andrew,19,3,3
STERLING CASTLE CLOSE,17000,21000000,St. Andrew,19,4,3
11 ARIS AVENUE,4000,24500000,St. Andrew,19,4,5
46 DARLEY CRESCENT,6145,24500000,St. Andrew,20,5,3
LAKEHURST DRIVE,1800,24000000,St. Andrew,8,3,3
SERPEN AVENUE,3000,24000000,St. Andrew,19,3,3
31 MORNINGSIDE DRIVE,3243,26000000,St. Andrew,19,6,4
38 FLEMINGTON DRIVE,3094,24700000,St. Andrew,19,4,3
HOPE PASTURES,2000,209500,St. Andrew,6,3,2
"ASTON RIDGE, STONY HILL",44000,23000000,St. Andrew,9,4,4
4 WEST OAKRIDGE,3915,24000000,St. Andrew,8,6,5
KINGSHOUSE AVENUE,2000,22500000,St. Andrew,6,4,2
HERMITAGE DAM ROAD,2500,23500000,St. Andrew,8,4,3
BANANA WALK,8000,22900000,Kingston,1,3,2
SHORTWOOD GROVE,13204,21000000,St. Andrew,8,3,2
4 ROCKHAMPTON DRIVE,4015,23500000,St. Andrew,8,4,3
1 21 ROAD,2947,22000000,St. Andrew,21,3,3
ALLERDYCE,2000,23000000,St. Andrew,8,3,2
10 STILLWELL AVENUE,3319,25000000,St. Andrew,8,3,3
PARKIN CLOSE,2398,22000000,St. Andrew,8,4,4
19 BELVEDERE CRESCENT,3225,23000000,St. Andrew,19,3,3
DRUMBLAIR CRESCENT,2500,20500000,St. Andrew,8,5,5
FAIRVIEW AVENUE,1800,21000000,St. Andrew,10,3,2
22 ALLERDYCE DRIVE,2568,24500000,St. Andrew,8,4,3
61 ARIES AVENUE,2158,24500000,St. Andrew,8,4,2
3 GREENWOOD DRIVE,3000,19500000,St. Andrew,19,5,3
4 EAST RIVERSIDE DRIVE,2808,19500000,St. Andrew,19,6,3
"CRAIG HILL, 21",8093,20000000,St. Andrew,21,4,3
SWAIN SPRING ROAD,2310,22000000,St. Andrew,21,6,4
16 ROCKY ROAD,2879,25000000,St. Andrew,19,4,3
HURLINGHAM DRIVE,2200,23500000,St. Andrew,19,4,2
10 SOUTH MONTEREY,2300,29000000,St. Andrew,6,3,2
3 CONSTANT SPRING GROVE,2200,26000000,St. Andrew,8,5,3
35B CHRISTOPHER DRIVE,1900,24500000,St. Andrew,9,4,4
15 HIALEAH DRIVE,2390,25200000,St. Andrew,19,4,2
"7 CHARLTON AVENUE, LOT 5",3544,24500000,St. Andrew,8,5,5
14 PONCIANA GROVE,2000,25800000,St. Andrew,19,4,2
6 SUNDOWN CRESCENT,1500,25000000,St. Andrew,10,5,3
"EMBERS WAY, 21",1689,22500000,St. Andrew,19,4,2
QUEENSBOROUGH DRIVE,1600,25000000,St. Andrew,19,3,3
2C ALPHANSO AVENUE,7000,24000000,St. Andrew,10,7,4
ROCHESTER AVENUE,2600,23000000,St. Andrew,8,4,2
465 ARIES AVENUE,3439,23000000,St. Andrew,8,3,3
FOSTER DAVIS DRIVE,2200,26350000,St. Andrew,6,3,2
22 GLENDON DRIVE,2500,23500000,St. Andrew,10,4,3
lot 2-11 WHALLEY CLOSE,3260,26000000,St. Andrew,6,4,4
BELVEDERE ROAD,3733,23000000,St. Andrew,19,4,5
"CARIBBEAN CL.,TRFLGR PK",2100,25000000,St. Andrew,10,4,4
HILL VIEW TERRACE,304,25000000,St. Andrew,19,6,5
COOLSHADE DRIVE,2803,23500000,St. Andrew,19,5,4
12 BIRDSUCKER MEWS,2000,23500000,St. Andrew,6,3,3
KINGS DRIVE,3190,21700000,St. Andrew,6,5,3
2 CARMELO DRIVE,5493,23500000,St. Andrew,8,6,5
"LOT 26, MOUNT SALAS ROAD",24831,26000000,St. Andrew,21,7,5
HIGHLAND DRIVE,9230,24000000,St. Andrew,19,4,4
BELCOUR LODGE,200,23600000,St. Andrew,21,3,4
LIGUANEA PLACE,1700,24500000,St. Andrew,6,4,3
ADDINGTON DRIVE,4000,26000000,St. Andrew,19,6,4
5B OLD STONY HILL ROAD,1800,21924468,St. Andrew,9,3,2
THREE VIEWS AVENUE,3359,26000000,St. Andrew,19,4,3
"8 LERIS CLOSE, MEADOWBROO...",2500,26100000,St. Andrew,19,4,3
MOUNT ATLAS ESTATE,32800,20000000,St. Andrew,21,4,3
"BORDER AVENUE, HAVENDALE",3885,24600000,St. Andrew,19,4,4
9 WATERVALE AVENUE,5000,27000000,St. Andrew,19,5,3
8 LYDIA DRIV,2600,24000000,St. Andrew,19,3,2
1 BARRINGTON DRIVE,2138,25000000,St. Andrew,19,5,5
ARALIA DRIVE,1400,32000000,St. Andrew,6,3,2
8 BELVEDERE ROAD,2982,29000000,St. Andrew,19,5,4
14 HAYLET AVENUE,2000,25000000,St. Andrew,19,5,3
1 APHRODITE PLACE,3641,26500000,St. Andrew,19,4,3
7 SOUTH MONTEREY DRIVE,10890,24000000,St. Andrew,6,3,2
13 KEBLE CRESCENT,2120,25500000,St. Andrew,6,4,3
6 SANDRICH AVENUE,3000,23500000,St. Andrew,6,6,4
54 BELVEDERE ROAD,4149,24000000,St. Andrew,21,5,4
Lot 6 PINE VIEW,10767,22500000,St. Andrew,21,4,4
4 WICKHAM AVENUE,2200,26000000,St. Andrew,8,4,2
BLUE MOUNTAIN RD,4000,22000000,St. Andrew,21,7,3
5A CHARLTON AVE,2110,25700000,St. Andrew,8,5,4
FORSYTHE DRIVE,13325,24000000,St. Andrew,6,4,2
3 BLAISE CLOSE,2200,24000000,St. Andrew,8,3,3
9 KNIGHTSDALE DRIVE,5000,24000000,St. Andrew,19,8,6
214 CHANCERY HALL,12955,20500000,St. Andrew,19,4,3
4 SAVOY TERRACE,2000,24500000,St. Andrew,9,3,2
9 WEST KINGS HOUSE DRIVE,2822,25000000,St. Andrew,10,3,3
35 DURIE DRIVE,2700,24500000,St. Andrew,8,4,4
HERMITAGE DAM ROAD,3500,27000000,St. Andrew,8,3,3
"8 SUNSET DRIVE , KGN 10",14000,23500000,Kingston,1,4,2
56D BRENTWOOD TERRACE,,27000000,St. Andrew,19,3,2
HOPE PASTURES,1650,28000000,St. Andrew,6,3,2
SUNSHINE CLOSE,3900,27000000,St. Andrew,17,4,4
23 RANDWICK DR.,2500,30000000,St. Andrew,19,4,3
CLARKS HILL DISTRICT,1799,25000000,St. Andrew,9,4,3
10 CARIBBEAN AVENUE,1482,30000000,St. Andrew,10,3,2
4 TORRIE AVENUE,,25500000,St. Andrew,8,4,2
19 MERRIVALE AVENUE,3000,25000000,St. Andrew,8,7,5
3 WEDCOMBE AVENUE,2182,22000000,St. Andrew,8,4,4
"WILLOW RUN, STONY HILL",2049,21500000,St. Andrew,9,4,3
5 BELVEDERE ROAD,3586,25500000,St. Andrew,19,4,3
BRENTWOOD TERRACE,4827,23000000,St. Andrew,19,5,5
61 BORDER AVENUE,1500,25000000,St. Andrew,19,5,4
9 PINE ACRES,15000,25000000,St. Andrew,21,3,4
DAISY AVENUE,2500,27000000,St. Andrew,6,3,4
7 UPPER MONTROSE ROAD,1568,28500000,St. Andrew,6,4,2
LOT NO.7 ORDON CLOSE,4000,26000000,St. Andrew,9,3,3
PALMETTO AVENUE,2200,26000000,St. Andrew,6,6,3
GERBERA DRIVE,2300,23000000,St. Andrew,6,5,3
BORDER AVENUE,3000,25000000,St. Andrew,19,7,4
OLD CHURCH ROAD,3000,26000000,St. Andrew,8,4,4
"10 SPRING WAY, WATERWORKS",2400,26500000,St. Andrew,8,4,3
MADISON DRIVE,2000,25500000,St. Andrew,19,3,2
10 GREENWOOD DRIVE,2500,26250000,St. Andrew,19,4,2
HALCOT CRESCENT,1800,25000000,St. Andrew,8,5,3
22 MORETON PARK AVENUE,6600,21000000,St. Andrew,10,4,3
3 STRATHDON ROAD,,24000000,St. Andrew,8,4,2
1 LIGUANEA PLACE,5279,25800000,St. Andrew,6,3,2
2 BIRDSUCKER MEWS,1766,28000000,St. Andrew,8,3,2
GARTH ROAD,2800,26500000,St. Andrew,8,4,3
"FOREST HILL GRD, RED HIL...",2550,25618568,St. Andrew,21,4,4
22 MADISON DRIVE,,25655031,St. Andrew,19,4,3
3 WHITTINGHAM AVE AYLSHA...,2200,26000000,St. Andrew,8,3,
11 STERLING CASTLE CLOSE,3000,28500000,St. Andrew,21,6,6
TANKERVILLE AVENUE,12818,28750000,St. Andrew,6,4,3
9 BUTTERCUP DRIVE,900,32000000,St. Andrew,7,3,2
40 HILLVIEW TERRACE,2231,27500000,St. Andrew,19,5,4
DEMETER PLACE,1500,28235437,St. Andrew,19,3,2
LAKEHURST DRIVE,4000,28300000,St. Andrew,8,4,4
8 WESTRIDGE CLOSE,4134,28000000,St. Andrew,19,5,4
INNSWOOD DRIVE,2500,28000000,St. Andrew,8,4,2
MILVERTON CRESCENT,2932,29000000,St. Andrew,6,4,2
"AIRY CASTLE, STONY HILL",52515,24000000,St. Andrew,9,4,3
BARTON AERIE,11000,25000000,St. Andrew,8,4,5
27 HART BOULEVARD,2000,27500000,St. Andrew,6,4,2
MORNINGSIDE DRIVE,3200,26500000,St. Andrew,19,4,3
28 ASQUITH DRIVE,4165,24000000,St. Andrew,21,5,4
9 HARMONY FARM ROAD,3200,31000000,St. Andrew,8,4,4
MOUNT SALUS ROAD,2700,24500000,St. Andrew,21,4,3
"6 GERBERA DRIVE, MONA",7001,30500000,St. Andrew,6,3,2
9 UPPER SANDRINGHAM AVENU...,3000,30000000,St. Andrew,10,6,4
15 ORCHID PATH,1800,33000000,St. Andrew,6,3,2
28 COOLWATER AVENUE,2000,30500000,St. Andrew,19,3,2
PIGEON VALLEY ROAD,3000,27500000,St. Andrew,9,4,3
PEMENTO CIRCLE,2200,27300000,St. Andrew,21,3,3
22 CIRCLE CLOSE,5026,25000000,St. Andrew,19,6,5
19,2892,26700000,St. Andrew,19,4,2
6 PERSEUS CLOSE,3000,34000000,St. Andrew,19,4,4
8 HOPE CLOSE,9078,27650000,St. Andrew,6,4,4
HIGHLAND DRIVE,12687,28750000,St. Andrew,19,4,3
MAYFAIR AVENUE,3000,29000000,St. Andrew,19,5,4
1 HORATIO CLOSE,7000,26000000,St. Andrew,21,4,3
44 WESTMINSTER ROAD,3000,29700000,St. Andrew,10,4,2
LEIGHTON RD COLLINS GREE...,3000,30500000,St. Andrew,5,5,2
FORT GEORGE HEIGHTS,6000,30000000,St. Andrew,9,4,5
"89A KIMBERLY AVENUE, KING...",6000,28500000,St. Andrew,21,4,5
MOUNT ATLAS DRIVE,3672,27000000,St. Andrew,21,4,3
8 WASHINGTON DRIVE,5117,30000000,St. Andrew,6,7,4
6 1/4 NORBROOK DRIVE,3200,28100000,St. Andrew,8,4,2
46 DURIE DRIVE,2275,30000000,St. Andrew,8,4,4
ULYSSES CLOSE,3800,28000000,St. Andrew,21,4,4
SHORTWOOD ROAD KGN 8,3000,28500000,St. Andrew,8,4,4
10 QUEENSWAY,3500,24000000,St. Andrew,10,4,4
9 ELLIOT AVE ACADIA,2565,26500000,St. Andrew,8,4,3
COURTNEY DRIVE,2000,28500000,St. Andrew,10,3,2
EAST KIRKLAND HEIGHTS,7700,25000000,St. Andrew,19,12,8
HOPE PASTURES,2535,30000000,St. Andrew,6,4,3
3 BISCAYNE CLOSE,2506,23000000,St. Andrew,8,4,3
LOT 4 SWAIN SPRING ROAD,3536,29000000,St. Andrew,21,3,2
9A WIDCOMBE ROAD,2900,29000000,St. Andrew,6,3,2
6 MONTGOMERY DRIVE,4035,27000000,St. Andrew,9,5,4
HARMONY FARM,6405,32000000,St. Andrew,8,5,4
CIRCLE CLOSE,3200,27500000,St. Andrew,19,4,3
Lot 45D-45 STANMORE TERRA...,5000,25000000,St. Andrew,19,5,3
"COPABAN, COPACABANA",5256,22500000,St. Andrew,17,9,4
4 HIBISCUS CLOSE,1700,29000000,St. Andrew,8,4,3
ANDREWS PEN LANE,4000,25000000,St. Andrew,6,12,4
OLD CHURCH ROAD,12267,32000000,St. Andrew,10,3,2
8 DUBLIN CASTLE CLOSE,2500,27000000,St. Andrew,21,4,4
KEITH CLOSE,3460,28000000,St. Andrew,19,4,3
BARRINGTON AVENUE,13700,30500000,St. Andrew,19,4,3
LILY WAY,2800,30000000,St. Andrew,9,3,2
52 DAISY AVENUE,1200,34000000,St. Andrew,6,3,2
26 MERRICK HIGHWAY,1800,28000000,St. Andrew,19,7,3
RAINBOW CRESCENT,19000,1255782502,St. Andrew,8,5,3
CADIZ CLOSE,5000,30259819,St. Andrew,19,7,5
9 VIOLET AVENUE,2866,29500000,St. Andrew,6,6,5
STONY HILL ( ASTON RIDGE...,3657,26000000,St. Andrew,8,3,4
35 CHANCERY CLOSE,21785,28000000,St. Andrew,19,4,3
14 DEVON CLOSE,5500,31000000,St. Andrew,10,5,4
36A EAST OAKRIDGE,3000,31500000,St. Andrew,8,3,3
17 SALISBURY AVENUE,2300,38000000,St. Andrew,6,4,2
55 ARIES AVENUE,2500,26000000,St. Andrew,19,3,3
AIRES AVENUE,4300,24200000,St. Andrew,19,6,4
NORWAY TERRACE,10000,31400000,St. Andrew,8,4,4
Lot #3 FOREST HILL DRIVE,4000,5000000,St. Andrew,19,5,4
6 CORNWALL CLOSE,13735,27000000,St. Andrew,5,3,2
"9 DRUMBLAIR CLOSE,",3000,29000000,St. Andrew,10,3,3
2 GLENALMOND DRIVE,2000,32000000,St. Andrew,8,4,3
PHADRIAN AVENUE,3125,30000000,St. Andrew,6,5,3
"ROCKFIELD CLSE, STONYHIL...",4600,27000000,St. Andrew,9,3,4
12 ANTHURIUM DRIVE,1000,30000000,St. Andrew,6,3,2
CHARLEMONT DRIVE,2000,31000000,St. Andrew,6,3,2
MONA ROAD,2673,29000000,St. Andrew,6,9,4
ORANGE GROVE,2175,26500000,St. Andrew,8,3,3
ALLERDYCE DRIVE,12092,29500000,St. Andrew,8,4,2
WEST KIRKLAND HEIGHTS,3000,22000000,St. Andrew,21,4,3
COOPERS HILL,3200,30000000,St. Andrew,21,4,4
25 QUEENS AVENUE,7986,30000000,St. Andrew,10,18,10
7 ELMWOOD TERRACE,3800,31500000,St. Andrew,19,4,3
WEST KINGS HOUSE DRIVE,1800,28000000,St. Andrew,10,4,2
14 1/2 FOSTER DAVIS DRIV...,1800,30000000,St. Andrew,6,4,3
13 BRYN MAWR AVENUE,2500,31500000,St. Andrew,10,5,3
DRUESDALE AVENUE,2400,32050000,St. Andrew,19,5,3
CLIFTON CLOSE,7153,32000000,St. Andrew,8,5,3
11 KIRKLAND CLOSE,4000,30000000,St. Andrew,21,4,3
2 TEWFIX DRIVE,2000,29000000,St. Andrew,20,4,4
MOTTLEY AVENUE,2100,30000000,St. Andrew,20,3,2
6 MIDLAND DRIVE,6587,34500000,St. Andrew,10,6,4
4 CHRISTOPHER DRIVE,4000,33000000,St. Andrew,9,4,3
6 BANANA WALK ORANGE GROV...,16010,28000000,St. Andrew,8,4,5
VALLEY CLOSE,4300,28842500,St. Andrew,8,8,5
20 DURIE DRIVE,3506,33500000,St. Andrew,8,3,3
22 KINGS HOUSE AVENUE,,29000000,St. Andrew,6,5,4
14 1/2 WIDCOME ROAD,3214,30000000,St. Andrew,6,4,4
21 ROAD,1800,22000000,St. Andrew,19,4,3
MILVERTON CRESCENT,2800,30200000,St. Andrew,6,4,3
KARACHO,1900,31000000,St. Andrew,6,3,2
ROSEBERRY DRIVE,16481,30100000,St. Andrew,8,5,4
CARIBBEAN CLOSE,2000,31500000,St. Andrew,5,4,3
KIMBERLEY AVENUE,3120,31000000,St. Andrew,19,4,3
WILTSHIRE AVENUE,3000,27000000,St. Andrew,6,3,3
13 BEGRADE LOOP,3958,32650000,St. Andrew,8,4,4
5 LIGUANEA PLACE,1500,35000000,St. Andrew,6,4,3
ARALIA DRIVE,1800,37000000,St. Andrew,6,3,1
4 HALART DRIVE,10000,33285801,St. Andrew,5,3,3
"23 BANANA WALK,",2300,24000000,St. Andrew,8,3,2
SHERBOURNE PARK,2000,30000000,St. Andrew,9,3,4
SANDALE CRESENT,3500,32560000,St. Andrew,8,5,5
11A WEST OAKRIDGE,5000,32100000,St. Andrew,8,7,4
ELLERSLIE WAY,4000,34000000,St. Andrew,21,4,3
CHARLEMONT DRIVE,4600,32600000,St. Andrew,6,6,4
LAKEHURST DRIVE,,29000000,St. Andrew,8,,
62 ARIES AVENUE,5500,33000000,St. Andrew,19,5,4
21 SUMMIT DRIVE,3000,30000000,St. Andrew,8,4,3
22 BELVEDERE CRESCENT,4000,28000000,St. Andrew,21,3,4
"WILLOW RUN, STONY HILL",2805,30000000,St. Andrew,9,4,4
GLENDON CIRCLE,33000,34000000,St. Andrew,6,6,4
26 BARRINGTON DRIVE,14000,27000000,St. Andrew,19,5,3
6 PADDINGTON CLOSE,2500,30000000,St. Andrew,6,3,2
4 CARLISLE AVENUE,2800,31500000,St. Andrew,8,6,3
13 ROSEBERRY DRIVE,2388,29200726,St. Andrew,8,3,3
15 LORD NELSON DRIVE,20376,31000000,St. Andrew,19,4,4
8 MONTGOMERY WAY,2833,32000000,St. Andrew,9,4,3
5 LORDS ROAD,8100,35000000,St. Andrew,5,3,2
LOTS 4-5A SKYLINE DRIVE,9660,30000000,St. Andrew,7,7,5
OAKRIDGE ROAD,1800,26000000,St. Andrew,8,4,4
WEST ARMOUR HEIGHTS,88000,21400000,St. Andrew,8,4,4
8 WORTHINGTON TERRACE,13686,35000000,St. Andrew,5,5,4
8 ORANGE GROVE,2500,32500000,St. Andrew,8,3,3
STANMORE TERRACE,5200,33000000,St. Andrew,19,6,7
OLD STONY HILL ROAD,4200,30000000,St. Andrew,9,4,4
PARK AVENUE,3500,30000000,St. Andrew,19,6,4
SUNSET AVENUE,1500,37100000,St. Andrew,8,3,2
DUBLIN CASTLE CLOSE,2500,30000000,St. Andrew,21,4,4
4 CRAWFORD AVENUE,3568,33000000,St. Andrew,8,4,3
STILLWELL ROAD,7000,32000000,St. Andrew,8,4,5
14 GLENDON DR - TRAFALGAR...,3000,33000000,St. Andrew,10,3,3
3 DIAMOND CLOSE,4000,35000000,St. Andrew,9,5,6
6 POWELL CLOSE,2972,26500000,St. Andrew,21,4,3
52 GREAT HOUSE BOULEVARD,3000,31000000,St. Andrew,6,3,3
STILLWELL ROAD,,32500000,St. Andrew,8,5,4
63 BRENTWOOD TERRACE,4470,33500000,St. Andrew,19,5,4
16 BLUE CASTLE DRIVE,1340,33000000,St. Andrew,6,3,2
HALIFAX CRESCENT,2607,32000000,St. Andrew,6,4,3
6 DIRECTORS WAY,3500,34000000,St. Andrew,19,4,4
"BURBANK AVE, HAVENDALE",3000,31500000,St. Andrew,19,8,6
TOPAZ CRESCENT,3926,35300000,St. Andrew,19,4,3
52 CHEVY CHASE,4250,35000000,St. Andrew,19,5,6
21 ROAD,6700,25000000,St. Andrew,21,10,8
26 KIRKLAND CRESENT,5000,30000000,St. Andrew,19,4,4
COOPER'S HILL - FRASER C...,3000,35000000,St. Andrew,21,4,3
2 BELGRADE WAY,3400,35000000,St. Andrew,19,4,3
7 BANANA CRESCENT,3500,33000000,St. Andrew,8,4,4
14 GARTH ROAD,2000,37750000,St. Andrew,8,3,5
11 SWALLOWFIELD AVENUE,3153,35000000,St. Andrew,19,5,3
25 CHRISTOPHER DRIVE,2550,30000000,St. Andrew,8,5,5
EAST KIRKLAND HEIGHTS,4340,35000000,St. Andrew,21,5,5
COOLSHADE DRIVE,12780,35500000,St. Andrew,19,5,3
8 HIGHLAND DRIVE,28885,33000000,St. Andrew,19,4,3
SUNSET DRIVE,1800,40000000,St. Andrew,10,4,4
ABERDINE,2860,34000000,St. Andrew,8,5,4
15a CHARLTON ROAD,2000,40000000,St. Andrew,8,3,2
GLENALMOND DRIVE,2000,33000000,St. Andrew,8,5,3
ARIES AVE,6650,34100000,St. Andrew,19,4,4
"LOT 47, BRIDGEMOUNT KGN ...",4500,35000000,St. Andrew,8,5,6
6 COLUMBA CLOSE,,35600000,St. Andrew,19,4,3
15 GROSVENOR TERRACE,2300,28000000,St. Andrew,8,5,3
10 CHARLEMONT DRIVE,3302,34000000,St. Andrew,6,3,4
"HOPE PASTURES, ...",2200,30000000,St. Andrew,6,3,2
16 CAPRICORN TERRACE,17889,32500000,St. Andrew,19,4,4
DAISY AVENUE MONA HEIGHT...,3200,34791960,St. Andrew,6,6,5
TEWFIX DRIVE,10207,30500000,St. Andrew,20,8,6
CARNATION WAY,3500,36000000,St. Andrew,6,6,4
6 ICA WAY,3400,36500000,St. Andrew,21,3,3
5 GOODWILL AVENUE,2000,33751197,St. Andrew,6,5,4
GARDENIA AVENUE,3535,30000000,St. Andrew,6,5,3
SANDHURST CRESCENT,14559,35600000,St. Andrew,6,3,2
QUEEN HILL,3300,37000000,St. Andrew,19,4,4
4 DOUGHTON ROAD,2800,35000000,St. Andrew,8,3,3
10 BRIDGEMOUNT DRIVE,,34500000,St. Andrew,8,4,4
WATERWORKS WAY,2200,34000000,St. Andrew,8,3,2
ST MICHAELS TERRACE,3680,35000000,St. Andrew,6,5,2
STONY HILL,3650,35000000,St. Andrew,9,4,4
9A & 9B FOREST VIEW ROAD,7500,30000000,St. Andrew,19,8,7
5 THOMPSON CLOSE,,34500000,St. Andrew,19,9,6
NORBROOK DRIVE,2000,37500000,St. Andrew,8,3,2
9 WARRENTON RD,3500,31000000,St. Andrew,5,3,2
20 COURTNEY DRIVE,2013,37000000,St. Andrew,10,4,3
FOREST DRIVE,4200,37000000,St. Andrew,19,4,4
LYNDALE AVENUE,16000,27000000,St. Andrew,20,10,10
BELVEDERE CRESENT,4400,37500000,St. Andrew,19,4,4
151 21 ROAD,24555,3858126963,St. Andrew,19,5,4
18 DURHAM AVENUE,3800,38000000,St. Andrew,6,3,2
9A SHENSTONE DRIVE,3330,38000000,St. Andrew,6,4,3
20 HOPEVIEW AVENUE,2856,36000000,St. Andrew,6,3,3
PHADRIAN AVENUE,2839,35500000,St. Andrew,6,5,5
HIBISCUS DRIVE,5000,36000000,St. Andrew,8,7,7
NORBROOK TERRACE,15228,30000000,St. Andrew,8,4,4
77 21 ROAD,2744,28000000,St. Andrew,20,5,3
37 THOMPSON BLVD.,4000,35000000,St. Andrew,19,4,3
10 CHANCERY CLOSE,2960,34500000,St. Andrew,19,4,3
CIRCLE CLOSE,3110,32000000,St. Andrew,10,3,2
"55 HOPE BOULEVARD, KGN 6",2500,39500000,St. Andrew,6,3,4
EAST KIRKLAND HEIGHTS,4700,31000000,St. Andrew,19,6,6
ROSEBERRY DRIVE,2800,37000000,St. Andrew,8,4,4
BORDER AVENUE,7000,37000000,St. Andrew,19,5,3
17A WEST MEAD,16010,37000000,St. Andrew,19,4,4
5 MT. CALM CLOSE,2600,37000000,St. Andrew,19,5,5
"2 MAYFAIR CLOSE, FOREST H...",2800,32500000,St. Andrew,19,4,3
ROSELLE AVENUE,2700,34500000,St. Andrew,6,3,2
10 MCDONALD DRIVE,4000,35250000,St. Andrew,8,4,4
11 DEWSBURY AVENUE,3300,37000000,St. Andrew,6,3,3
EDAM DRIVE,2500,38000000,St. Andrew,8,2,2
ROSEBERRY DRIVE KINGSTON,7000,38500000,St. Andrew,8,7,4
CONSTANT SPRING ESTATE,3774,38500000,St. Andrew,8,4,4
15 DEWSBURY AVE,5000,35000000,St. Andrew,6,3,4
12 MARGARET DRIVE,2000,25000000,St. Andrew,6,4,4
38 VANTAGE VIEW ESTATE,4033,39000000,St. Andrew,21,4,4
17 RICHINGS AVENUE,10634,38000000,St. Andrew,6,4,3
7 WESTMEADE DRIVE,11991,39500000,St. Andrew,19,7,7
4 SAVOY TERRACE,2075,38000000,St. Andrew,8,3,2
"26 AIRES AVE, SMOKEYVALE",2500,38000000,St. Andrew,19,5,6
9 KIRKLAND TRAIL,5400,37000000,St. Andrew,19,6,5
"BUTTERCUP DRIVE, MONA HE...",6541,39000000,St. Andrew,6,4,3
OLD STONY HILL ROAD,4700,27082538,St. Andrew,9,6,4
LYNCOURT CRESCENT,5200,31914578,St. Andrew,8,12,8
BELCOUR LODGE,3000,32000000,St. Andrew,21,4,4
8 TREMAINE ROAD,3000,40000000,St. Andrew,6,4,3
GLENALMOND DRIVE,2500,37000000,St. Andrew,8,4,3
33- RIDGEFIELD,3500,35000000,St. Andrew,9,4,3
10 ELMWOOD CLOSE,9924,39000000,St. Andrew,8,5,4
PLANTATION DRIVE,3089,34000000,St. Andrew,21,4,4
RIVER'S EDGE 21,2000,35800000,St. Andrew,21,3,3
25 KIRKLAND CRESCENT,4113,38000000,St. Andrew,21,5,3
STILLWELL ROAD,4000,30000000,St. Andrew,9,4,3
BRIDGEMOUNT HEIGHTS,3200,39900000,St. Andrew,8,4,4
STILWELL ROAD,4000,37000000,St. Andrew,8,3,3
NORBROOK ROAD,,37500000,St. Andrew,8,3,3
2 MOUNTAIN SPRING,3000,32500000,St. Andrew,6,3,3
WEST ARMOUR HEIGHTS,3200,26500000,St. Andrew,8,4,4
JOHN WESLEY AVENUE,3000,36000000,St. Andrew,6,3,2
30A STILWELL ROAD,4000,39000000,St. Andrew,8,4,5
MOUNTAIN SPRING DRIVE,4000,27000000,St. Andrew,6,4,4
103 BELVEDERE,5000,38500000,St. Andrew,21,5,7
JOHN WESLEY,2668,36500000,St. Andrew,6,4,3
DUBLIN CASTLE,5000,38000000,St. Andrew,21,4,4
13 WICKHAM AVENUE,14450,37000000,St. Andrew,8,4,2
"KINGSWOOD DRV, STONY HIL...",2700,36000000,St. Andrew,9,5,4
17 CARVAHLO DRIVE,2000,40000000,St. Andrew,10,3,3
"STILDON WAY, SMOKEY VALE",,35000000,St. Andrew,19,4,4
CASTLE DRIVE,21783,32000000,St. Andrew,9,4,4
"4 ALL SIDES CL, STONY HIL...",5000,35000000,St. Andrew,9,5,4
20 E KINGS HOUSE CIRCLE,3580,43000000,St. Andrew,6,5,5
10-8 EAST AVENUE,4000,32200000,St. Andrew,10,7,7
20 BRENTWOOD TERRACE,4442,35000000,St. Andrew,19,6,6
LAKEHURST DRIVE,3200,38000000,St. Andrew,8,4,3
"HYDRA DRIVE, KGN. 8",17000,41000000,St. Andrew,19,5,5
57 GROSVENOR TERRACE,2767,40000000,St. Andrew,8,4,4
STILLWELL AVENUE,5000,39500000,St. Andrew,8,5,3
SANDHURST CRESCENT,4200,41000000,St. Andrew,6,4,5
1 UPPER MELWOOD,4500,30000000,St. Andrew,8,11,8
48 B STILLWELL ROAD,6000,37000000,St. Andrew,9,4,4
WEST KIRKLAND HEIGHTS,,38000000,St. Andrew,19,6,5
WINDSOR AVENUE,14001,37000000,St. Andrew,5,4,3
32 NORBROOK ACRES DRIVE,3009,39000000,St. Andrew,8,5,4
26 RUSSELL HEIGHTS,2500,40000000,St. Andrew,8,4,3
10 HOPEVIEW AVENUE,2000,42500000,St. Andrew,6,4,2
"7 LEIGHTON RD,COLLINS GRE...",8115,37500000,St. Andrew,5,6,4
25 ORANGE CRESCENT,12785,47000000,St. Andrew,8,3,2
WHALLEY CLOSE KGN 6,6453,37000000,St. Andrew,6,3,2
5- MARLEY ROAD,1800,37824774,St. Andrew,6,2,3
10 GROSVENOR HEIGHTS,1959,43120243,St. Andrew,8,3,2
28 RUSSELL HEIGHTS,3000,40500000,St. Andrew,8,4,3
4 WIDCOME CRESCENT,15081,40000000,St. Andrew,6,4,2
4 NORBURY CLOSE,2307,39000000,St. Andrew,8,3,2
4 OLD STONY HILL ROAD,5690,40000000,St. Andrew,9,6,4
NORBROOK ROAD,2800,44000000,St. Andrew,8,3,2
ELLESMERE DRIVE,5300,42900000,St. Andrew,19,4,4
3 OAKRIDGE,2597,42500000,St. Andrew,8,3,3
"CHARLTON DRIVE,",5500,39000000,St. Andrew,8,5,5
DEWSBURY AVENUE,,40000000,St. Andrew,6,3,2
2 SHARROW CLOSE WATERWOR...,3900,44000000,St. Andrew,8,4,3
62 SHENSTONE DRIVE,2500,45000000,St. Andrew,6,5,5
BEVERLY DRIVE,2800,43000000,St. Andrew,6,4,4
63 FORSYTHE DRIVE,4698,39000000,St. Andrew,6,4,4
GROSVENOR HEIGHTS,4789,35000000,St. Andrew,8,4,3
6A RUSSELL HEIGHTS,4150,45000000,St. Andrew,8,4,4
LINNEMANN AVENUE,3100,37000000,St. Andrew,6,3,4
50 BELGRADE LOOP,3500,38000000,St. Andrew,8,3,3
LILFORD AVENUE,6000,44000000,St. Andrew,6,9,6
18 CAPPRICORN TERRACE,3500,40500000,St. Andrew,19,5,5
21 BRENTWOOD TERRACE,4990,36000000,St. Andrew,19,6,5
HALL CRESCENT,1968,45000000,St. Andrew,8,4,3
LEAS FLAT CLOSE,5500,45300000,St. Andrew,19,5,6
DUBLIN CASTLE CLOSE,2000,40000000,St. Andrew,21,4,3
14 PAVO PLACE,4750,40000000,St. Andrew,19,4,6
27 BELGRADE LOOP,4860,45000000,St. Andrew,19,3,4
"Lot 29-2 SHORTWOOD CLOSE,...",11912,50000000,St. Andrew,8,5,4
8 MONTEREY DRIVE,15706,41724660,St. Andrew,6,4,2
WEST KIRKLAND HEIGHTS,3000,45389729,St. Andrew,19,4,3
4 SUNSET CLOSE,8052,38000000,St. Andrew,8,3,3
UPPER MONTROSE ROAD,3000,45000000,St. Andrew,10,4,3
BOUGAINVILLEA AVENUE,4500,46000000,St. Andrew,6,11,8
19 LIGUANEA MEWS,2700,40000000,St. Andrew,6,3,3
134 MANNINGS HILL ROAD,3200,45000000,St. Andrew,8,3,3
8 SIDNEY ROAD,3000,43000000,St. Andrew,5,3,2
1 MONTCLAIR DRIVE,3957,34000000,St. Andrew,6,5,5
SHORTWOOD ROAD,3000,42000000,St. Andrew,8,4,4
G VALLEY CLOSE,3278,45000000,St. Andrew,9,3,4
SUNSET AVENUE,5415,39000000,St. Andrew,8,5,4
13 SUNSET AVENUE,3600,44000000,St. Andrew,8,4,3
NORBROOK,2400,50000000,St. Andrew,8,3,2
9 CHERRY DRIVE,2500,46000000,St. Andrew,8,3,2
5 PHADRIAN AVENUE,2800,47000000,St. Andrew,6,4,3
"12 WISHAW DRIVE, ALLERDYC...",1950,47000000,St. Andrew,8,4,3
27 BOUGANVILLEA AVE MONA,2200,45000000,St. Andrew,6,5,5
1-43 CHARLEMONT DRIVE,1728,55000000,St. Andrew,6,3,2
1B PALOMINO TERRACE,4896,40000000,St. Andrew,8,6,6
5 GAINSBOROUGH AVENUE,3003,48000000,St. Andrew,6,4,3
NORBROOK TERRACE,3750,40004000,St. Andrew,8,4,3
"SHARROW DRIVE, WATERWORK...",2322,45000000,St. Andrew,8,3,2
75 NORBROOK DRIVE,1600,46000000,St. Andrew,8,4,2
85 SHORTWOOD ROAD NORBOO...,17000,42200000,St. Andrew,8,3,3
SHORTWOOD DRIVE,3500,45000000,St. Andrew,8,6,3
36A EAST OAKRIDGE,3200,48500000,St. Andrew,8,4,4
31 GLENDON CIRCLE,1830,45000000,St. Andrew,6,4,2
14a LAKEHURST DRIVE,2800,43000000,St. Andrew,8,5,4
ACADIA DRIVE,4571,49212000,St. Andrew,8,3,3
"2 SUNSET DRIVE, ...",2800,49000000,St. Andrew,10,3,2
Lot 3-55B BRENTWOOD TERRA...,3500,48000000,St. Andrew,21,4,4
HOPE BOULEVARD,11552,46267264,St. Andrew,6,4,4
26- MILSBOROUGH AVENUE,5000,49000000,St. Andrew,6,4,5
FOREST AVENUE,5000,45000000,St. Andrew,21,5,5
3 BRIDGEMOUNT DRIVE,3000,46000000,St. Andrew,8,4,5
LINSTONE CRESCENT,3500,51000000,St. Andrew,10,4,5
7 EBONY GLADES,2000,50000000,St. Andrew,8,3,2
49 UPPER WATERLOO ROAD,2383,49000000,St. Andrew,8,4,1
12 GARNET AVENUE,9300,47000000,St. Andrew,21,10,9
6 TOUCAN CLOSE,3046,47000000,St. Andrew,8,4,4
86A ARIES AVENUE,7000,42000000,St. Andrew,19,6,5
CHANCERY HALL DRIVE,6000,47000000,St. Andrew,19,4,4
5 CHERRY DRIVE,2000,47500000,St. Andrew,8,3,2
8 STERLING GLADES,4900,44450000,St. Andrew,21,10,7
5 KIRKLAND WAY,3600,21276435,St. Andrew,21,4,5
1 WEST KIRKLAND VIEW,5500,47000000,St. Andrew,21,8,7
SPRING PARK DRIVE,3850,46000000,St. Andrew,8,5,5
3 ROSELLE AVENUE,5800,50000000,St. Andrew,6,4,4
5 CHESTER AVENUE,3915,37000000,St. Andrew,6,5,4
WILTSHIRE AVENUE,3800,40000000,St. Andrew,6,3,4
32A BIRDSUCKER DRIVE,4050,45000000,St. Andrew,8,3,3
8 GARDEN VIEW,9000,45000000,St. Andrew,8,6,7
47 GRAHAM HEIGHTS,3500,345824,St. Andrew,8,4,3
6 MOZART AVENUE,2500,48000000,St. Andrew,8,3,2
BROADWAY CLOSE,3129,46500000,St. Andrew,8,5,4
ROSA PLACE,3760,50000000,St. Andrew,6,4,4
38 BANANA WALK,10800,43876738,St. Andrew,8,4,3
WILLOW RUN STONY HILL,3700,51441693,St. Andrew,9,4,4
13 FORT GEORGE CRESCENT,3400,44784533,St. Andrew,9,4,4
WHALLEY CLOSE,2000,51441693,St. Andrew,6,3,3
10 GROSVENOR TERRACE,4500,365000,St. Andrew,8,9,9
HACIENDA WAY,3700,51250000,St. Andrew,8,4,3
"6 MARVIC CLOSE, 21",3500,46000000,St. Andrew,19,5,5
7 WATERWORKS CRESCENT,4000,50662020,St. Andrew,8,4,4
6 WEST GREAT HOUSE CIRCLE,4000,45000000,St. Andrew,19,5,4
5 LIGUANEA MEWS,7603,52595782,St. Andrew,6,4,3
22 DURIE DRIVE,2000,52954684,St. Andrew,8,3,2
2 ACADIA DRIVE,3500,42363747,St. Andrew,8,4,4
8- PLANTATION DRIVE,5300,49900000,St. Andrew,21,5,5
18 HALART DRIVE,2975,52559642,St. Andrew,6,4,4
6 CADIZ AVENUE,7214,45000000,St. Andrew,19,5,6
14 FORT GEORGE CLOSE,4170,48500000,St. Andrew,9,5,4
GARTH ROAD,3127,55980666,St. Andrew,8,3,4
6- RIVER HOUSE PLACE,2000,44225936,St. Andrew,21,2,3
52 PADDINGTON TERRACE,28000,52500000,St. Andrew,6,4,4
GROSVENOR TERRACE,3510,48500000,St. Andrew,8,3,3
1 PAR DRIVE,3700,48412267,St. Andrew,8,3,4
1 CAROLE CLOSE,11900,46000000,St. Andrew,8,5,5
74B SUNSET AVENUE,5800,55000000,St. Andrew,8,6,7
25 UPPER CARMEL AVENUE,15000,53000000,St. Andrew,8,7,5
GROSVENOR HEIGHTS,3000,50000000,St. Andrew,8,4,3
15 GIBSON DRIVE,5100,52000000,St. Andrew,6,8,8
7 EDAM DRIVE,3500,53000000,St. Andrew,8,4,4
8 WHISPERING WOODS CLOSE,4000,55000000,St. Andrew,9,4,5
BARBICAN ROAD,2400,40000000,St. Andrew,6,3,2
4 STANMORE TERRACE,4691,52000000,St. Andrew,19,8,8
3 QUEENSWAY,2000,52000000,St. Andrew,10,3,3
MAYFAIR WAY,4666,55000000,St. Andrew,19,4,5
NORBROOK DRIVE,4288,44000000,St. Andrew,8,7,6
1 HERMITAGE DAM ROAD,5430,49000000,St. Andrew,9,6,5
TOUCAN WAY,7800,56000000,St. Andrew,8,4,5
1A WEYCLIFFE CLOSE,4600,56000000,St. Andrew,6,3,2
32 NORBROOK ACRES DRIVE,3200,56737161,St. Andrew,8,3,3
"RAVINIA ROAD, KGN. 6",2834,54467675,St. Andrew,6,3,4
2 LORD NELSON WAY,11332,50000000,St. Andrew,10,3,3
19 BEVERLEY DRIVE,4000,5000000,St. Andrew,6,4,4
SHARROW MEWS,3000,52500000,St. Andrew,8,5,5
17 NORTH WIDCOMBE HEIGHTS,2800,57000000,St. Andrew,6,4,4
PADDINGTON TERRACE,3000,58000000,St. Andrew,6,5,4
15 A GREAT HOUSE CLOSE,4500,50000000,St. Andrew,8,5,7
MEADOW CLOSE,3895,65000000,St. Andrew,8,4,3
24 VICTORY AVENUE,7900,50000000,St. Andrew,19,5,5
"2 URSA MINOR, SMOKEY VALE",8000,51992875,St. Andrew,8,5,7
10 HORATIO DRIVE,4600,57500000,St. Andrew,19,4,4
BENSON TERRACE,3000,53019289,St. Andrew,8,4,3
21,,60000000,St. Andrew,6,4,2
BLYTHWOOD DRIVE,6000,58000000,St. Andrew,6,5,5
3 PARKWAY CLOSE,4200,58000000,St. Andrew,8,6,5
ELMWOOD CLOSE,5360,58000000,St. Andrew,8,6,6
5 MARKWAY CRESCENT,3500,43000000,St. Andrew,8,7,4
22 EAST KINGS HOUSE ROAD,2745,67000000,St. Andrew,6,4,4
16 GRAHAM HEIGHTS,3000,60000000,St. Andrew,8,5,4
31 PALMETTO AVENUE,4200,50000000,St. Andrew,6,17,17
"14 1/2 WIDCOMBE ROAD, KIN...",10888,50000000,St. Andrew,6,5,4
27 HART BOULEVARD,2500,52000000,St. Andrew,6,6,5
GARTH ROAD,17008,56000000,St. Andrew,8,5,2
2E HIGHLAND DRIVE,6393,61200000,St. Andrew,19,10,10
GARTH ROAD,6500,55980666,St. Andrew,8,5,6
NORBROOK ROAD,3000,80674806,St. Andrew,8,3,4
GARELLI AVENUE,2388,55000000,St. Andrew,10,3,3
"16 CHESTER AVENUE, BARBIC...",2509,50000000,St. Andrew,6,5,3
38 CHERRY DRIVE,4911,43000000,St. Andrew,8,5,5
7 FARRINGDON DRIVE,2200,61276134,St. Andrew,6,3,3
GLENEAGLES CRESCENT,12171,60000000,St. Andrew,8,5,5
NEW HAVEN AVENUE,15651,63000000,St. Andrew,6,4,4
14 LOWER GREAT HOUSE,8390,47000000,St. Andrew,8,4,5
WIDCOMBE CRESCENT,3000,63545621,St. Andrew,6,3,3
27A RIDGEFIELD AVENUE,6350,58200000,St. Andrew,8,6,6
HACIENDA WAY,3800,58374823,St. Andrew,8,4,2
NORBROOK DRIVE,3000,60500000,St. Andrew,8,5,3
18 WILLOW RUN,2800,65000000,St. Andrew,9,4,2
2C EDAM DRIVE,3200,60500000,St. Andrew,8,5,5
BIRDSUCKER DRIVE,10300,57000000,St. Andrew,8,5,4
"7B DIAMOND ROAD, STONY HI...",5114,64400000,St. Andrew,9,3,4
6 WATERWORKS WAY,2830,68000000,St. Andrew,8,3,2
14 CASSIA PARK,12725,60000000,St. Andrew,10,4,2
18 CHANCERY HALL DRIVE,7200,58000000,St. Andrew,19,5,6
SHERBOURNE HEIGHTS,5300,61000000,St. Andrew,9,5,5
GAINSBOROUGH AVENUE,3387,80000000,St. Andrew,6,5,2
10 WIDCOMBE HEIGHTS,3000,68084593,St. Andrew,6,3,4
05 WIDCOMBE HEIGHTS,3000,68084593,St. Andrew,6,3,4
32 DURIE DRIVE,13600,56888460,St. Andrew,8,4,3
11 LOWER GREAT HOUSE CLOS,3000,67500000,St. Andrew,8,4,4
NORBROOK HEIGHTS,6850,55000000,St. Andrew,8,6,5
CHANCERY CLOSE,5000,70000000,St. Andrew,19,4,6
16 STERLING GLADES,11000,68000000,St. Andrew,21,7,10
CHERRY HILL DRIVE,5000,63000000,St. Andrew,8,5,6
CARMEL AVENUE,37707,70000000,St. Andrew,8,4,3
5 WASHINGTON DRIVE,2500,73000000,St. Andrew,10,5,4
"TEMPLE MEADS, JACKS HILL",4000,70371782,St. Andrew,6,3,2
13 MAYFAIR,7000,70202781,St. Andrew,19,5,5
32A BIRDSUCKER DRIVE,3500,70000000,St. Andrew,6,4,4
NORBROOK DRIVE,5500,75000000,St. Andrew,8,7,7
13 EARLS COURT,31107,72600000,St. Andrew,8,4,3
61 SUNSET BOULERVARD,8500,60000000,St. Andrew,8,4,4
"3 PARKWAY CLOSE, KGN 8",7000,70000000,St. Andrew,8,5,5
PLEASANT VALLEY DRIVE,3200,60000000,St. Andrew,21,5,3
2 WIDCOMBE HEIGHTS,3450,75649548,St. Andrew,6,3,4
LADY KAY DRIVE,5900,9637752453,St. Andrew,8,5,5
30 UPPER CARMEL AVENUE,4000,75649548,St. Andrew,8,4,4
3 GARDEN CLOSE,9000,74000000,St. Andrew,8,4,6
15 CHERRY DRIVE,10000,70000000,St. Andrew,8,5,6
RUSSELL HEIGHTS,48364,50000000,St. Andrew,8,5,6
GAINSBOROUGH,35867,80300000,St. Andrew,6,4,2
3 NORBROOK TERRACE,3000,95000000,St. Andrew,8,4,2
LINNEMANN AVENUE,7400,75649548,St. Andrew,6,5,5
8 CHERRY DRIVE,2700,82000000,St. Andrew,8,3,4
11 UPPER CARMEL AVENUE,3600,83496000,St. Andrew,8,3,3
FARRINGDON DRIVE,3000,62500000,St. Andrew,6,3,3
1A BRACKNELL AVENUE,4400,75000000,St. Andrew,6,3,3
6 CHERRY GARDEN AVENUE,3515,70000000,St. Andrew,8,3,3
5 CHESTER AVENUE,21000,88000000,St. Andrew,6,5,4
6 LANARK DRIVE,5000,85500000,St. Andrew,8,5,5
GREAT HOUSE CLOSE,5400,78000000,St. Andrew,8,4,5
21 MAIN ROAD,5000,8775347602,St. Andrew,21,3,3
48 PADDINGTON TERRACE,6000,90000000,St. Andrew,6,6,7
40 SUNSET AVENUE,4800,90000000,St. Andrew,8,3,2
14B BENSON AVENUE,6000,66179889,St. Andrew,8,5,6
"ROSEMARIE DRIVE, NORBROO...",4802,83214503,St. Andrew,8,5,5
4 MONTCLAIR TERRACE,5260,83214503,St. Andrew,6,5,6
8 BENSON TERRACE,3500,89569065,St. Andrew,8,5,3
47 GRAHAM HEIGHTS,3000,92292449,St. Andrew,8,4,4
GROSVENOR HEIGHTS,3000,90000000,St. Andrew,8,4,3
4B WILMINGTON DRIVE,5000,90779458,St. Andrew,6,3,4
7 MULBERRY CLOSE,5250,91993785,St. Andrew,6,5,5
SWAIN SPRING ROAD,4500,90000000,St. Andrew,21,7,6
"RAVINIA , 6",2600,100613899,St. Andrew,6,4,4
6 GAINSBOROUGH AVENUE,4769,107000000,St. Andrew,6,3,3
29 TEMPLE MEADE,4000,83214503,St. Andrew,6,6,4
10 DILLSBURY AVENUE,4375,8321450312,St. Andrew,6,4,4
GAINSBOROUGH AVENUE,3500,80339820,St. Andrew,6,4,3
DEWSBURY AVENUE,5000,90779458,St. Andrew,6,6,4
5 BLYTHWOOD DRIVE,5500,98344413,St. Andrew,6,4,5
1 MONTCLAIR TERRACE,5200,102883386,St. Andrew,6,3,4
TEMPLE MEADS,4000,80349201,St. Andrew,6,6,5
DEWSBURY AVENUE,42200,105909368,St. Andrew,6,4,3
6 LONG LANE GLEN EAGLES,5000,105909368,St. Andrew,8,3,4
12 GAINSBOROUGH AVENUE,5500,101316381,St. Andrew,6,5,6
11 CARMEL TERRACE,5000,113474322,St. Andrew,8,4,5
2-3 LANARK DRIVE,6025,98068443,St. Andrew,8,5,6
"DUSTY ROAD, 21",5347,91900130,St. Andrew,21,4,5
4-15 CARMEL AVENUE,4800,114987313,St. Andrew,8,5,6
4 RIDGEWAY,4500,113474322,St. Andrew,6,4,5
31 BENSON AVENUE,4500,121039277,St. Andrew,8,4,4
"10 B LADY KAY DRIVE, NORB...",4000,129536840,St. Andrew,8,4,5
39 DEWSBURY AVENUE,8400,124065259,St. Andrew,6,5,5
36 EARLS COURT,4437,140000000,St. Andrew,8,5,4
MANOR PARK DRIVE,4000,102126890,St. Andrew,8,4,4
4a SHARROW DRIVE,5000,128604232,St. Andrew,8,4,4
"RIDGE WAY, 6",5600,121039277,St. Andrew,6,5,4
38 SHENSTONE DRIVE,,100000000,St. Andrew,6,5,3
5 LOWER MONTGOMERY,5000,140708160,St. Andrew,9,4,5
30 30 SUNSET AVENUE,6000,121039277,St. Andrew,8,7,7
4 PLYMOUTH WAY,6000,121039277,St. Andrew,6,4,5
BEVERLY HILLS,6000,133062109,St. Andrew,6,4,4
23 TEMPLE MEADE,6011,137682178,St. Andrew,6,5,4
BRACKNELL AVENUE,4800,116500304,St. Andrew,6,5,5
7 WATERLOO AVENUE,22000,196688826,St. Andrew,10,4,3
3 HYPERION AVENUE,6000,166429006,St. Andrew,6,3,4
1A HYPERION AVENUE,10000,226948645,St. Andrew,6,6,6
1C NORBROOK ROAD,7310,219383690,St. Andrew,8,4,5
OAKRIDGE,12000,186354795,St. Andrew,8,7,7
32 EARLS COURT,5500,202362542,St. Andrew,8,4,4
3 WILMINGTON DRIVE,7414,226948645,St. Andrew,6,4,5
10 COOKHAM DENE,6000,272338374,St. Andrew,6,4,8
1 MONTROSE ROAD,7000,680845935,St. Andrew,10,4,4